{
  "results": [
    {
      "command": "zsh -ic exit",
      "mean": 69.34664080885,
      "stddev": 148.98738878388335,
      "median": 6.55538665075,
      "user": 5.803925745000001,
      "system": 3.02861144,
      "min": 0.21844540525000003,
      "max": 450.18041440025,
      "times": [
        212.15825257925,
        1.75182870925,
        1.60866784725,
        0.34990143025000003,
        0.21844540525000003,
        6.38872565225,
        6.72204764925,
        7.31626351925,
        6.77186089625,
        450.18041440025
      ]
    }
  ]
}
